name,address,website,type,location,source,combined_at,normalized_name,category,crawled_at
Trường Đại học Khoa học Tự nhiên,VNU-HUS,QHT,Đại học/Cao đẳng,Hà Nội,Wikipedia,2025-08-03T20:42:05.712634,hoa học Tự nhiên,Đa ngành,
Trường Đại học Khoa học Xã hội và Nhân văn,VNU-USSH,QHX,Đại học/Cao đẳng,Hà Nội,Wikipedia,2025-08-03T20:42:05.712664,hoa học Xã hội và Nhân văn,Đa ngành,
Trường Đại học Việt - Nhật,VNU-VJU,QHJ,Đại học/Cao đẳng,Hà Nội,Wikipedia,2025-08-03T20:42:05.712677,iệt - Nhật,Đa ngành,
Trường Đại học Công nghệ,VNU-UET,QHI,Đại học/Cao đẳng,Hà Nội,Wikipedia,2025-08-03T20:42:05.712685,ông nghệ,Đa ngành,
Trường Đại học Giáo dục,VNU-UED,QHS,Đại học/Cao đẳng,Hà Nội,Wikipedia,2025-08-03T20:42:05.712693,iáo dục,Đa ngành,
Trường Đại học Kinh tế,VNU-UEB,QHE,Đại học/Cao đẳng,Hà Nội,Wikipedia,2025-08-03T20:42:05.712699,inh tế,Đa ngành,
Trường Đại học Ngoại ngữ,VNU-ULIS,QHF,Đại học/Cao đẳng,Hà Nội,Wikipedia,2025-08-03T20:42:05.712706,goại ngữ,Đa ngành,
Trường Đại học Y Dược,VNU-UMP,QHY,Đại học/Cao đẳng,Hà Nội,Wikipedia,2025-08-03T20:42:05.712713, Dược,Y tế,
Trường Đại học Luật[6],VNU-UL,QHL,Đại học/Cao đẳng,Hà Nội,Wikipedia,2025-08-03T20:42:05.712718,uật[6],Đa ngành,
Trường Quản trị và Kinh doanh,VNU-HSB,QHD,Đại học/Cao đẳng,Hà Nội,Wikipedia,2025-08-03T20:42:05.712725,Quản trị và Kinh doanh,Kinh tế,
Trường Quốc tế,VNU-IS,QHQ,Đại học/Cao đẳng,Hà Nội,Wikipedia,2025-08-03T20:42:05.712730,Quốc tế,Đa ngành,
Trường Khoa học liên ngành và Nghệ thuật,VNU-SIS,QHK,Đại học/Cao đẳng,Hà Nội,Wikipedia,2025-08-03T20:42:05.712735,Khoa học liên ngành và Nghệ thuật,Đa ngành,
Khoa Quốc tế Pháp ngữ,VNU-IFI,QHP,Đại học/Cao đẳng,Hà Nội,Wikipedia,2025-08-03T20:42:05.712742,Khoa Quốc tế Pháp ngữ,Luật,
Đại học Bách khoa Hà Nội,HUST,BKA,Đại học/Cao đẳng,Hà Nội,Wikipedia,2025-08-03T20:42:05.712746,ách khoa Hà Nội,Đa ngành,
Trường Đại học Công đoàn,TUU,LDA,Đại học/Cao đẳng,Hà Nội,Wikipedia,2025-08-03T20:42:05.712751,ông đoàn,Đa ngành,
Trường Đại học Công nghệ Giao thông vận tải,UTT,GTA,Đại học/Cao đẳng,Hà Nội,Wikipedia,2025-08-03T20:42:05.712755,ông nghệ Giao thông vận tải,Đa ngành,
Trường Đại học Tài nguyên và Môi trường Hà Nội,HUNRE,DMT,Đại học/Cao đẳng,Hà Nội,Wikipedia,2025-08-03T20:42:05.712761,ài nguyên và Môi trường Hà Nội,Y tế,
Trường Đại học Công nghiệp Hà Nội,HAUI,DCN,Đại học/Cao đẳng,Hà Nội,Wikipedia,2025-08-03T20:42:05.712765,ông nghiệp Hà Nội,Đa ngành,
Trường Đại học Công nghiệp Việt-Hung,VIU,VHD,Đại học/Cao đẳng,Hà Nội,Wikipedia,2025-08-03T20:42:05.712770,ông nghiệp Việt-Hung,Đa ngành,
Trường Đại học Dược Hà Nội,HUP,DKH,Đại học/Cao đẳng,Hà Nội,Wikipedia,2025-08-03T20:42:05.712775,ược Hà Nội,Đa ngành,
Trường Đại học Điện lực,EPU,DDL,Đại học/Cao đẳng,Hà Nội,Wikipedia,2025-08-03T20:42:05.712780,iện lực,Đa ngành,
Trường Đại học Giao thông Vận tải,UTC,GHA,Đại học/Cao đẳng,Hà Nội,Wikipedia,2025-08-03T20:42:05.712783,iao thông Vận tải,Đa ngành,
Trường Đại học Hà Nội,HANU,NHF,Đại học/Cao đẳng,Hà Nội,Wikipedia,2025-08-03T20:42:05.712788,à Nội,Đa ngành,
Trường Đại học Khoa học và Công nghệ Hà Nội,USTH,KCN,Đại học/Cao đẳng,Hà Nội,Wikipedia,2025-08-03T20:42:05.712792,hoa học và Công nghệ Hà Nội,Kỹ thuật,
Trường Đại học Kiểm sát Hà Nội,TKS,DKS,Đại học/Cao đẳng,Hà Nội,Wikipedia,2025-08-03T20:42:05.712794,iểm sát Hà Nội,Đa ngành,
Trường Đại học Kiến trúc Hà Nội,HAU,KTA,Đại học/Cao đẳng,Hà Nội,Wikipedia,2025-08-03T20:42:05.712799,iến trúc Hà Nội,Đa ngành,
Trường Đại học Kinh tế - Kỹ thuật Công nghiệp,UNETI,DKK,Đại học/Cao đẳng,Hà Nội,Wikipedia,2025-08-03T20:42:05.712804,inh tế - Kỹ thuật Công nghiệp,Kỹ thuật,
Đại học Kinh tế Quốc dân,NEU,KHA,Đại học/Cao đẳng,Hà Nội,Wikipedia,2025-08-03T20:42:05.712805,inh tế Quốc dân,Đa ngành,
Trường Đại học Lao động - Xã hội,ULSA,DLX,Đại học/Cao đẳng,Hà Nội,Wikipedia,2025-08-03T20:42:05.712810,ao động - Xã hội,Đa ngành,
Trường Đại học Lâm nghiệp Việt Nam,VNUF,LNH,Đại học/Cao đẳng,Hà Nội,Wikipedia,2025-08-03T20:42:05.712814,âm nghiệp Việt Nam,Đa ngành,
Trường Đại học Luật Hà Nội,HLU,LPH,Đại học/Cao đẳng,Hà Nội,Wikipedia,2025-08-03T20:42:05.712819,uật Hà Nội,Đa ngành,
Trường Đại học Mỏ - Địa chất,HUMG,MDA,Đại học/Cao đẳng,Hà Nội,Wikipedia,2025-08-03T20:42:05.712823,ỏ - Địa chất,Đa ngành,
Trường Đại học Mỹ thuật Công nghiệp,UAD,MTC,Đại học/Cao đẳng,Hà Nội,Wikipedia,2025-08-03T20:42:05.712827,ỹ thuật Công nghiệp,Đa ngành,
Trường Đại học Mỹ thuật Việt Nam,VNUFA,MTH,Đại học/Cao đẳng,Hà Nội,Wikipedia,2025-08-03T20:42:05.712833,ỹ thuật Việt Nam,Đa ngành,
Trường Đại học Ngoại thương,FTU,NTH,Đại học/Cao đẳng,Hà Nội,Wikipedia,2025-08-03T20:42:05.712837,goại thương,Đa ngành,
Trường Đại học Sân khấu - Điện ảnh Hà Nội,SKDA,SKD,Đại học/Cao đẳng,Hà Nội,Wikipedia,2025-08-03T20:42:05.712845,ân khấu - Điện ảnh Hà Nội,Đa ngành,
Trường Đại học Sư phạm Hà Nội,HNUE,SPH,Đại học/Cao đẳng,Hà Nội,Wikipedia,2025-08-03T20:42:05.712851,ư phạm Hà Nội,Đa ngành,
Trường Đại học Sư phạm Nghệ thuật Trung ương,NUAE,GNT,Đại học/Cao đẳng,Hà Nội,Wikipedia,2025-08-03T20:42:05.712855,ư phạm Nghệ thuật Trung ương,Đa ngành,
Trường Đại học Sư phạm Thể dục Thể thao Hà Nội,HUPES,TDH,Đại học/Cao đẳng,Hà Nội,Wikipedia,2025-08-03T20:42:05.712861,ư phạm Thể dục Thể thao Hà Nội,Đa ngành,
Trường Đại học Thủy lợi,TLU,TLA,Đại học/Cao đẳng,Hà Nội,Wikipedia,2025-08-03T20:42:05.712866,hủy lợi,Y tế,
Trường Đại học Thương mại,TMU,TMA,Đại học/Cao đẳng,Hà Nội,Wikipedia,2025-08-03T20:42:05.712869,hương mại,Đa ngành,
Trường Đại học Văn hóa Hà Nội,HUC,VHH,Đại học/Cao đẳng,Hà Nội,Wikipedia,2025-08-03T20:42:05.712873,ăn hóa Hà Nội,Đa ngành,
Trường Đại học Xây dựng Hà Nội,HUCE,XDA,Đại học/Cao đẳng,Hà Nội,Wikipedia,2025-08-03T20:42:05.712877,ây dựng Hà Nội,Y tế,
Trường Đại học Y Hà Nội,HMU,YHB,Đại học/Cao đẳng,Hà Nội,Wikipedia,2025-08-03T20:42:05.712880, Hà Nội,Đa ngành,
Trường Đại học Y tế Công cộng,HUPH,YTC,Đại học/Cao đẳng,Hà Nội,Wikipedia,2025-08-03T20:42:05.712884, tế Công cộng,Đa ngành,
Trường Đại học Thủ đô Hà Nội,HNMU,HNM,Đại học/Cao đẳng,Hà Nội,Wikipedia,2025-08-03T20:42:05.712889,hủ đô Hà Nội,Đa ngành,
Trường Đại học Công nghiệp Dệt May Hà Nội,HTU,CCM,Đại học/Cao đẳng,Hà Nội,Wikipedia,2025-08-03T20:42:05.712893,ông nghiệp Dệt May Hà Nội,Y tế,
Trường Đại học Mở Hà Nội,HOU,MHN,Đại học/Cao đẳng,Hà Nội,Wikipedia,2025-08-03T20:42:05.712896,ở Hà Nội,Đa ngành,
Trường Đại học Văn hóa - Nghệ thuật Quân đội,MUCA,ZNH,Đại học/Cao đẳng,Hà Nội,Wikipedia,2025-08-03T20:42:05.712900,ăn hóa - Nghệ thuật Quân đội,Đa ngành,
Trường Đại học Phòng cháy chữa cháy,UFPF,PCH,Đại học/Cao đẳng,Hà Nội,Wikipedia,2025-08-03T20:42:05.712906,hòng cháy chữa cháy,Y tế,
Học viện Múa Việt Nam,VNAD,,Đại học/Cao đẳng,Hà Nội,Wikipedia,2025-08-03T20:42:05.712909,Học viện Múa Việt Nam,Đa ngành,
Học viện Âm nhạc Quốc gia Việt Nam,VNAM,NVH,Đại học/Cao đẳng,Hà Nội,Wikipedia,2025-08-03T20:42:05.712914,Học viện Âm nhạc Quốc gia Việt Nam,Đa ngành,
Học viện Chính trị Quốc gia Hồ Chí Minh,HCMA,,Đại học/Cao đẳng,Hà Nội,Wikipedia,2025-08-03T20:42:05.712920,Học viện Chính trị Quốc gia Hồ Chí Minh,Đa ngành,
Học viện Báo chí và Tuyên truyền,AJC,HBT,Đại học/Cao đẳng,Hà Nội,Wikipedia,2025-08-03T20:42:05.712926,Học viện Báo chí và Tuyên truyền,Y tế,
Học viện Hành chính và Quản trị công,APAG,HCH,Đại học/Cao đẳng,Hà Nội,Wikipedia,2025-08-03T20:42:05.712930,Học viện Hành chính và Quản trị công,Kinh tế,
Học viện Chính trị Khu vực I,APRI,,Đại học/Cao đẳng,Hà Nội,Wikipedia,2025-08-03T20:42:05.712933,Học viện Chính trị Khu vực I,Đa ngành,
Học viện Biên phòng,HVBP,BPH,Đại học/Cao đẳng,Hà Nội,Wikipedia,2025-08-03T20:42:05.712938,Học viện Biên phòng,Đa ngành,
Học viện Công nghệ Bưu chính Viễn thông,PTIT,BVH,Đại học/Cao đẳng,Hà Nội,Wikipedia,2025-08-03T20:42:05.712943,Học viện Công nghệ Bưu chính Viễn thông,Kỹ thuật,
Học viện Chính trị,,HCB,Đại học/Cao đẳng,Hà Nội,Wikipedia,2025-08-03T20:42:05.712945,Học viện Chính trị,Đa ngành,
Học viện Kỹ thuật Mật mã,VACT,KMA,Đại học/Cao đẳng,Hà Nội,Wikipedia,2025-08-03T20:42:05.712950,Học viện Kỹ thuật Mật mã,Kỹ thuật,
Học viện Ngân hàng,BAV,NHH,Đại học/Cao đẳng,Hà Nội,Wikipedia,2025-08-03T20:42:05.712952,Học viện Ngân hàng,Đa ngành,
Học viện Ngoại giao,DAV,HQT,Đại học/Cao đẳng,Hà Nội,Wikipedia,2025-08-03T20:42:05.712956,Học viện Ngoại giao,Đa ngành,
Học viện Nông nghiệp Việt Nam,VNUA,HVN,Đại học/Cao đẳng,Hà Nội,Wikipedia,2025-08-03T20:42:05.712961,Học viện Nông nghiệp Việt Nam,Đa ngành,
Học viện Phụ nữ Việt Nam,VWA,HPN,Đại học/Cao đẳng,Hà Nội,Wikipedia,2025-08-03T20:42:05.712967,Học viện Phụ nữ Việt Nam,Đa ngành,
Học viện Tòa án,CTA,HTA,Đại học/Cao đẳng,Hà Nội,Wikipedia,2025-08-03T20:42:05.712972,Học viện Tòa án,Đa ngành,
Học viện Tư pháp,,HVC,Đại học/Cao đẳng,Hà Nội,Wikipedia,2025-08-03T20:42:05.712977,Học viện Tư pháp,Luật,
Học viện Tài chính,AOF,HTC,Đại học/Cao đẳng,Hà Nội,Wikipedia,2025-08-03T20:42:05.712981,Học viện Tài chính,Đa ngành,
Học viện Quân y(Đại học Y - Dược Lê Hữu Trác),,YQH,Đại học/Cao đẳng,Hà Nội,Wikipedia,2025-08-03T20:42:05.712986,Học viện Quân y(Đại học Y - Dược Lê Hữu Trác),Y tế,
Học viện Y – Dược học cổ truyền Việt Nam,,HYD,Đại học/Cao đẳng,Hà Nội,Wikipedia,2025-08-03T20:42:05.712991,Học viện Y – Dược học cổ truyền Việt Nam,Y tế,
Học viện Chính sách và Phát triển,APD,HCP,Đại học/Cao đẳng,Hà Nội,Wikipedia,2025-08-03T20:42:05.712994,Học viện Chính sách và Phát triển,Đa ngành,
Học viện Thanh thiếu niên Việt Nam,VYA,HTN,Đại học/Cao đẳng,Hà Nội,Wikipedia,2025-08-03T20:42:05.713000,Học viện Thanh thiếu niên Việt Nam,Đa ngành,
Học viện An ninh nhân dân,T31/T01/C500,ANH,Đại học/Cao đẳng,Hà Nội,Wikipedia,2025-08-03T20:42:05.713006,Học viện An ninh nhân dân,Đa ngành,
Học viện Cảnh sát nhân dân,T32/T02/T18,CSH,Đại học/Cao đẳng,Hà Nội,Wikipedia,2025-08-03T20:42:05.713011,Học viện Cảnh sát nhân dân,Đa ngành,
Học viện Phòng không - Không quân,,KPH,Đại học/Cao đẳng,Hà Nội,Wikipedia,2025-08-03T20:42:05.713016,Học viện Phòng không - Không quân,Đa ngành,
Trường Đại học Sĩ quan Đặc công,,DCH,Đại học/Cao đẳng,Hà Nội,Wikipedia,2025-08-03T20:42:05.713021,ĩ quan Đặc công,Đa ngành,
Trường Đại học Sĩ quan Pháo binh,,PBH,Đại học/Cao đẳng,Hà Nội,Wikipedia,2025-08-03T20:42:05.713026,ĩ quan Pháo binh,Đa ngành,
Trường Đại học Sĩ quan Phòng hóa,,HGH,Đại học/Cao đẳng,Hà Nội,Wikipedia,2025-08-03T20:42:05.713031,ĩ quan Phòng hóa,Đa ngành,
Trường Đại học Sĩ quan Lục quân 1(Trường Đại học Trần Quốc Tuấn),,LAH,Đại học/Cao đẳng,Hà Nội,Wikipedia,2025-08-03T20:42:05.713035,ĩ quan Lục quân 1(Trường Đại học Trần Quốc Tuấn),Đa ngành,
Học viện Quản lý Giáo dục,,HVQ,Đại học/Cao đẳng,Hà Nội,Wikipedia,2025-08-03T20:42:05.713044,Học viện Quản lý Giáo dục,Sư phạm,
Học viện Kỹ thuật Quân sự,MTA,KQH,Đại học/Cao đẳng,Hà Nội,Wikipedia,2025-08-03T20:42:05.713048,Học viện Kỹ thuật Quân sự,Kỹ thuật,
Học viện Hậu cần,,HEH,Đại học/Cao đẳng,Hà Nội,Wikipedia,2025-08-03T20:42:05.713050,Học viện Hậu cần,Đa ngành,
Học viện Khoa học Quân sự,MSA,NQH,Đại học/Cao đẳng,Hà Nội,Wikipedia,2025-08-03T20:42:05.713056,Học viện Khoa học Quân sự,Đa ngành,
Học viện Dân tộc,VAEM,HVD,Đại học/Cao đẳng,Hà Nội,Wikipedia,2025-08-03T20:42:05.713061,Học viện Dân tộc,Đa ngành,
Học viện Quốc phòng,,,Đại học/Cao đẳng,Hà Nội,Wikipedia,2025-08-03T20:42:05.713065,Học viện Quốc phòng,Đa ngành,
Trường Đại học Sĩ quan Chính trị,,LCH,Đại học/Cao đẳng,Hà Nội,Wikipedia,2025-08-03T20:42:05.713070,ĩ quan Chính trị,Đa ngành,
Học viện Chính trị Công an Nhân dân,T29/T03,HCA,Đại học/Cao đẳng,Hà Nội,Wikipedia,2025-08-03T20:42:05.713075,Học viện Chính trị Công an Nhân dân,Đa ngành,
Trường Đại học Thành Đô,TDU,TDD,Đại học/Cao đẳng,Hà Nội,Wikipedia,2025-08-03T20:42:05.713081,hành Đô,Đa ngành,
Đại học Phenikaa,PHENA,PKA,Đại học/Cao đẳng,Hà Nội,Wikipedia,2025-08-03T20:42:05.713084,henikaa,Đa ngành,
Trường Đại học Thăng Long,TLU,DTL,Đại học/Cao đẳng,Hà Nội,Wikipedia,2025-08-03T20:42:05.713088,hăng Long,Đa ngành,
Trường Đại học Phương Đông,PDU,DPD,Đại học/Cao đẳng,Hà Nội,Wikipedia,2025-08-03T20:42:05.713092,hương Đông,Đa ngành,
Trường Đại học CMC,,MCA,Đại học/Cao đẳng,Hà Nội,Wikipedia,2025-08-03T20:42:05.713096,MC,Đa ngành,
Trường Đại học Đông Đô,HDIU,DDU,Đại học/Cao đẳng,Hà Nội,Wikipedia,2025-08-03T20:42:05.713100,ông Đô,Đa ngành,
Trường Đại học VinUni,VINUNI,VIN,Đại học/Cao đẳng,Hà Nội,Wikipedia,2025-08-03T20:42:05.713103,inUni,Đa ngành,
Trường Đại học Công nghệ Đông Á,EAUT,DDA,Đại học/Cao đẳng,Hà Nội,Wikipedia,2025-08-03T20:42:05.713107,ông nghệ Đông Á,Đa ngành,
Trường Đại học FPT,FPTU,FPT,Đại học/Cao đẳng,Hà Nội,Wikipedia,2025-08-03T20:42:05.713111,PT,Đa ngành,
Trường Đại học Công nghệ và Quản lý Hữu nghị,UTM,DCQ,Đại học/Cao đẳng,Hà Nội,Wikipedia,2025-08-03T20:42:05.713114,ông nghệ và Quản lý Hữu nghị,Đa ngành,
Trường Đại học Quốc tế RMIT Việt Nam,RMIT,RMU,Đại học/Cao đẳng,Hà Nội,Wikipedia,2025-08-03T20:42:05.713120,uốc tế RMIT Việt Nam,Đa ngành,
Trường Đại học Nguyễn Trãi,NTU,NTU,Đại học/Cao đẳng,Hà Nội,Wikipedia,2025-08-03T20:42:05.713125,guyễn Trãi,Y tế,
Trường Đại học Hòa Bình,HBU,ETU,Đại học/Cao đẳng,Hà Nội,Wikipedia,2025-08-03T20:42:05.713128,òa Bình,Đa ngành,
Trường Đại học Đại Nam,DNU,DDN,Đại học/Cao đẳng,Hà Nội,Wikipedia,2025-08-03T20:42:05.713132,ại Nam,Đa ngành,
Trường Đại học Tài chính - Ngân hàng Hà Nội,FBU,FBU,Đại học/Cao đẳng,Hà Nội,Wikipedia,2025-08-03T20:42:05.713136,ài chính - Ngân hàng Hà Nội,Đa ngành,
Trường Đại học Quốc tế Bắc Hà(văn phòng tuyển sinh),BHIU,DBH,Đại học/Cao đẳng,Hà Nội,Wikipedia,2025-08-03T20:42:05.713141,uốc tế Bắc Hà(văn phòng tuyển sinh),Y tế,
Trường Đại học Kinh doanh và Công nghệ Hà Nội,HUBT,DQK,Đại học/Cao đẳng,Hà Nội,Wikipedia,2025-08-03T20:42:05.713145,inh doanh và Công nghệ Hà Nội,Kỹ thuật,
Học viện Thiết kế và Thời trang London,,LCDF,Đại học/Cao đẳng,Hà Nội,Wikipedia,2025-08-03T20:42:05.713147,Học viện Thiết kế và Thời trang London,Đa ngành,
Đại học Quốc gia Hà Nội,"144 Xuân Thủy, Cầu Giấy, Hà Nội",https://www.vnu.edu.vn,Đại học công lập,Hà Nội,Manual,2025-08-03T20:42:05.713153,uốc gia Hà Nội,Đa ngành,2025-08-03T20:41:22.885745
Đại học Bách khoa TP.HCM,"268 Lý Thường Kiệt, Quận 10, TP.HCM",https://www.hcmut.edu.vn,Đại học công lập,TP.HCM,Manual,2025-08-03T20:42:05.713158,ách khoa TP.HCM,Đa ngành,2025-08-03T20:41:22.885751
Đại học Quốc gia TP.HCM,"Linh Trung, Thủ Đức, TP.HCM",https://www.vnuhcm.edu.vn,Đại học công lập,TP.HCM,Manual,2025-08-03T20:42:05.713162,uốc gia TP.HCM,Đa ngành,2025-08-03T20:41:22.885755
Đại học FPT,"Lô E2a-7, Đường D1, Khu Công nghệ cao, TP.HCM",https://fpt.edu.vn,Đại học tư thục,TP.HCM,Manual,2025-08-03T20:42:05.713167,PT,Đa ngành,2025-08-03T20:41:22.885758
