name,address,website,type,location,source
Trường Đại học Khoa học Tự nhiên,VNU-HUS,QHT,Đại học/Cao đẳng,Hà Nội,Wikipedia
Trường Đại học Khoa học Xã hội và Nhân văn,VNU-USSH,QHX,Đại học/Cao đẳng,Hà Nội,Wikipedia
Trường Đại học Việt - Nhật,VNU-VJU,QHJ,Đại học/Cao đẳng,Hà Nội,Wikipedia
Trường Đại học Công nghệ,VNU-UET,QHI,Đại học/Cao đẳng,Hà Nội,Wikipedia
Trường Đại học Giáo dục,VNU-UED,QHS,Đại học/Cao đẳng,Hà Nội,Wikipedia
Trường Đại học Kinh tế,VNU-UEB,QHE,Đại học/Cao đẳng,Hà Nội,Wikipedia
Trường Đại học Ngoại ngữ,VNU-ULIS,QHF,Đại học/Cao đẳng,Hà Nội,Wikipedia
Trường Đại học Y Dược,VNU-UMP,QHY,Đại học/Cao đẳng,Hà Nội,Wikipedia
Trường Đại học Luật[6],VNU-UL,QHL,Đại học/Cao đẳng,Hà Nội,Wikipedia
Trường Quản trị và Kinh doanh,VNU-HSB,QHD,Đại học/Cao đẳng,Hà Nội,Wikipedia
Trường Quốc tế,VNU-IS,QHQ,Đại học/Cao đẳng,Hà Nội,Wikipedia
Trường Khoa học liên ngành và Nghệ thuật,VNU-SIS,QHK,Đại học/Cao đẳng,Hà Nội,Wikipedia
Khoa Quốc tế Pháp ngữ,VNU-IFI,QHP,Đại học/Cao đẳng,Hà Nội,Wikipedia
Đại học Bách khoa Hà Nội,HUST,BKA,Đại học/Cao đẳng,Hà Nội,Wikipedia
Trường Đại học Công đoàn,TUU,LDA,Đại học/Cao đẳng,Hà Nội,Wikipedia
Trường Đại học Công nghệ Giao thông vận tải,UTT,GTA,Đại học/Cao đẳng,Hà Nội,Wikipedia
Trường Đại học Tài nguyên và Môi trường Hà Nội,HUNRE,DMT,Đại học/Cao đẳng,Hà Nội,Wikipedia
Trường Đại học Công nghiệp Hà Nội,HAUI,DCN,Đại học/Cao đẳng,Hà Nội,Wikipedia
Trường Đại học Công nghiệp Việt-Hung,VIU,VHD,Đại học/Cao đẳng,Hà Nội,Wikipedia
Trường Đại học Dược Hà Nội,HUP,DKH,Đại học/Cao đẳng,Hà Nội,Wikipedia
Trường Đại học Điện lực,EPU,DDL,Đại học/Cao đẳng,Hà Nội,Wikipedia
Trường Đại học Giao thông Vận tải,UTC,GHA,Đại học/Cao đẳng,Hà Nội,Wikipedia
Trường Đại học Hà Nội,HANU,NHF,Đại học/Cao đẳng,Hà Nội,Wikipedia
Trường Đại học Khoa học và Công nghệ Hà Nội,USTH,KCN,Đại học/Cao đẳng,Hà Nội,Wikipedia
Trường Đại học Kiểm sát Hà Nội,TKS,DKS,Đại học/Cao đẳng,Hà Nội,Wikipedia
Trường Đại học Kiến trúc Hà Nội,HAU,KTA,Đại học/Cao đẳng,Hà Nội,Wikipedia
Trường Đại học Kinh tế - Kỹ thuật Công nghiệp,UNETI,DKK,Đại học/Cao đẳng,Hà Nội,Wikipedia
Đại học Kinh tế Quốc dân,NEU,KHA,Đại học/Cao đẳng,Hà Nội,Wikipedia
Trường Đại học Lao động - Xã hội,ULSA,DLX,Đại học/Cao đẳng,Hà Nội,Wikipedia
Trường Đại học Lâm nghiệp Việt Nam,VNUF,LNH,Đại học/Cao đẳng,Hà Nội,Wikipedia
Trường Đại học Luật Hà Nội,HLU,LPH,Đại học/Cao đẳng,Hà Nội,Wikipedia
Trường Đại học Mỏ - Địa chất,HUMG,MDA,Đại học/Cao đẳng,Hà Nội,Wikipedia
Trường Đại học Mỹ thuật Công nghiệp,UAD,MTC,Đại học/Cao đẳng,Hà Nội,Wikipedia
Trường Đại học Mỹ thuật Việt Nam,VNUFA,MTH,Đại học/Cao đẳng,Hà Nội,Wikipedia
Trường Đại học Ngoại thương,FTU,NTH,Đại học/Cao đẳng,Hà Nội,Wikipedia
Trường Đại học Sân khấu - Điện ảnh Hà Nội,SKDA,SKD,Đại học/Cao đẳng,Hà Nội,Wikipedia
Trường Đại học Sư phạm Hà Nội,HNUE,SPH,Đại học/Cao đẳng,Hà Nội,Wikipedia
Trường Đại học Sư phạm Nghệ thuật Trung ương,NUAE,GNT,Đại học/Cao đẳng,Hà Nội,Wikipedia
Trường Đại học Sư phạm Thể dục Thể thao Hà Nội,HUPES,TDH,Đại học/Cao đẳng,Hà Nội,Wikipedia
Trường Đại học Thủy lợi,TLU,TLA,Đại học/Cao đẳng,Hà Nội,Wikipedia
Trường Đại học Thương mại,TMU,TMA,Đại học/Cao đẳng,Hà Nội,Wikipedia
Trường Đại học Văn hóa Hà Nội,HUC,VHH,Đại học/Cao đẳng,Hà Nội,Wikipedia
Trường Đại học Xây dựng Hà Nội,HUCE,XDA,Đại học/Cao đẳng,Hà Nội,Wikipedia
Trường Đại học Y Hà Nội,HMU,YHB,Đại học/Cao đẳng,Hà Nội,Wikipedia
Trường Đại học Y tế Công cộng,HUPH,YTC,Đại học/Cao đẳng,Hà Nội,Wikipedia
Trường Đại học Thủ đô Hà Nội,HNMU,HNM,Đại học/Cao đẳng,Hà Nội,Wikipedia
Trường Đại học Công nghiệp Dệt May Hà Nội,HTU,CCM,Đại học/Cao đẳng,Hà Nội,Wikipedia
Trường Đại học Mở Hà Nội,HOU,MHN,Đại học/Cao đẳng,Hà Nội,Wikipedia
Trường Đại học Văn hóa - Nghệ thuật Quân đội,MUCA,ZNH,Đại học/Cao đẳng,Hà Nội,Wikipedia
Trường Đại học Phòng cháy chữa cháy,UFPF,PCH,Đại học/Cao đẳng,Hà Nội,Wikipedia
Học viện Múa Việt Nam,VNAD,,Đại học/Cao đẳng,Hà Nội,Wikipedia
Học viện Âm nhạc Quốc gia Việt Nam,VNAM,NVH,Đại học/Cao đẳng,Hà Nội,Wikipedia
Học viện Chính trị Quốc gia Hồ Chí Minh,HCMA,,Đại học/Cao đẳng,Hà Nội,Wikipedia
Học viện Báo chí và Tuyên truyền,AJC,HBT,Đại học/Cao đẳng,Hà Nội,Wikipedia
Học viện Hành chính và Quản trị công,APAG,HCH,Đại học/Cao đẳng,Hà Nội,Wikipedia
Học viện Chính trị Khu vực I,APRI,,Đại học/Cao đẳng,Hà Nội,Wikipedia
Học viện Biên phòng,HVBP,BPH,Đại học/Cao đẳng,Hà Nội,Wikipedia
Học viện Công nghệ Bưu chính Viễn thông,PTIT,BVH,Đại học/Cao đẳng,Hà Nội,Wikipedia
Học viện Chính trị,,HCB,Đại học/Cao đẳng,Hà Nội,Wikipedia
Học viện Kỹ thuật Mật mã,VACT,KMA,Đại học/Cao đẳng,Hà Nội,Wikipedia
Học viện Ngân hàng,BAV,NHH,Đại học/Cao đẳng,Hà Nội,Wikipedia
Học viện Ngoại giao,DAV,HQT,Đại học/Cao đẳng,Hà Nội,Wikipedia
Học viện Nông nghiệp Việt Nam,VNUA,HVN,Đại học/Cao đẳng,Hà Nội,Wikipedia
Học viện Phụ nữ Việt Nam,VWA,HPN,Đại học/Cao đẳng,Hà Nội,Wikipedia
Học viện Tòa án,CTA,HTA,Đại học/Cao đẳng,Hà Nội,Wikipedia
Học viện Tư pháp,,HVC,Đại học/Cao đẳng,Hà Nội,Wikipedia
Học viện Tài chính,AOF,HTC,Đại học/Cao đẳng,Hà Nội,Wikipedia
Học viện Quân y(Đại học Y - Dược Lê Hữu Trác),,YQH,Đại học/Cao đẳng,Hà Nội,Wikipedia
Học viện Y – Dược học cổ truyền Việt Nam,,HYD,Đại học/Cao đẳng,Hà Nội,Wikipedia
Học viện Chính sách và Phát triển,APD,HCP,Đại học/Cao đẳng,Hà Nội,Wikipedia
Học viện Thanh thiếu niên Việt Nam,VYA,HTN,Đại học/Cao đẳng,Hà Nội,Wikipedia
Học viện An ninh nhân dân,T31/T01/C500,ANH,Đại học/Cao đẳng,Hà Nội,Wikipedia
Học viện Cảnh sát nhân dân,T32/T02/T18,CSH,Đại học/Cao đẳng,Hà Nội,Wikipedia
Học viện Phòng không - Không quân,,KPH,Đại học/Cao đẳng,Hà Nội,Wikipedia
Trường Đại học Sĩ quan Đặc công,,DCH,Đại học/Cao đẳng,Hà Nội,Wikipedia
Trường Đại học Sĩ quan Pháo binh,,PBH,Đại học/Cao đẳng,Hà Nội,Wikipedia
Trường Đại học Sĩ quan Phòng hóa,,HGH,Đại học/Cao đẳng,Hà Nội,Wikipedia
Trường Đại học Sĩ quan Lục quân 1(Trường Đại học Trần Quốc Tuấn),,LAH,Đại học/Cao đẳng,Hà Nội,Wikipedia
Học viện Quản lý Giáo dục,,HVQ,Đại học/Cao đẳng,Hà Nội,Wikipedia
Học viện Kỹ thuật Quân sự,MTA,KQH,Đại học/Cao đẳng,Hà Nội,Wikipedia
Học viện Hậu cần,,HEH,Đại học/Cao đẳng,Hà Nội,Wikipedia
Học viện Khoa học Quân sự,MSA,NQH,Đại học/Cao đẳng,Hà Nội,Wikipedia
Học viện Dân tộc,VAEM,HVD,Đại học/Cao đẳng,Hà Nội,Wikipedia
Học viện Quốc phòng,,,Đại học/Cao đẳng,Hà Nội,Wikipedia
Trường Đại học Sĩ quan Chính trị,,LCH,Đại học/Cao đẳng,Hà Nội,Wikipedia
Học viện Chính trị Công an Nhân dân,T29/T03,HCA,Đại học/Cao đẳng,Hà Nội,Wikipedia
Trường Đại học Thành Đô,TDU,TDD,Đại học/Cao đẳng,Hà Nội,Wikipedia
Đại học Phenikaa,PHENA,PKA,Đại học/Cao đẳng,Hà Nội,Wikipedia
Trường Đại học Thăng Long,TLU,DTL,Đại học/Cao đẳng,Hà Nội,Wikipedia
Trường Đại học Phương Đông,PDU,DPD,Đại học/Cao đẳng,Hà Nội,Wikipedia
Trường Đại học CMC,,MCA,Đại học/Cao đẳng,Hà Nội,Wikipedia
Trường Đại học Đông Đô,HDIU,DDU,Đại học/Cao đẳng,Hà Nội,Wikipedia
Trường Đại học VinUni,VINUNI,VIN,Đại học/Cao đẳng,Hà Nội,Wikipedia
Trường Đại học Công nghệ Đông Á,EAUT,DDA,Đại học/Cao đẳng,Hà Nội,Wikipedia
Trường Đại học FPT,FPTU,FPT,Đại học/Cao đẳng,Hà Nội,Wikipedia
Trường Đại học Công nghệ và Quản lý Hữu nghị,UTM,DCQ,Đại học/Cao đẳng,Hà Nội,Wikipedia
Trường Đại học Quốc tế RMIT Việt Nam,RMIT,RMU,Đại học/Cao đẳng,Hà Nội,Wikipedia
Trường Đại học Nguyễn Trãi,NTU,NTU,Đại học/Cao đẳng,Hà Nội,Wikipedia
Trường Đại học Hòa Bình,HBU,ETU,Đại học/Cao đẳng,Hà Nội,Wikipedia
Trường Đại học Đại Nam,DNU,DDN,Đại học/Cao đẳng,Hà Nội,Wikipedia
Trường Đại học Tài chính - Ngân hàng Hà Nội,FBU,FBU,Đại học/Cao đẳng,Hà Nội,Wikipedia
Trường Đại học Quốc tế Bắc Hà(văn phòng tuyển sinh),BHIU,DBH,Đại học/Cao đẳng,Hà Nội,Wikipedia
Trường Đại học Kinh doanh và Công nghệ Hà Nội,HUBT,DQK,Đại học/Cao đẳng,Hà Nội,Wikipedia
Học viện Thiết kế và Thời trang London,,LCDF,Đại học/Cao đẳng,Hà Nội,Wikipedia
