name,short_name,english_name,address,location,city,province,phone,email,website,facebook,logo_url,banner_url,description,history,mission,vision,type,status,founded_year,accreditation,specializations,facilities,achievements,ranking_national,ranking_international,student_count,faculty_count,acceptance_rate,tuition_fee_min,tuition_fee_max,currency,admission_requirements,scholarships,international_partnerships,campus_map_url,latitude,longitude,is_featured,is_verified,view_count,review_count,average_rating,total_rating,source,crawled_at
Khoa học Tự nhiên,Khoa học T...,Khoa học Tự nhiên University,VNU-HUS,[],,,,,QHT,,,,,,,,UniversityType.PUBLIC,UniversityStatus.ACTIVE,,,,,,,,,,,,,VND,,,,,,,False,True,0,0,0.0,0,Wikipedia Hà Nội,2025-08-03T22:02:48.538001
Khoa học Xã hội và Nhân văn,Khoa học X...,Khoa học Xã hội và Nhân văn University,VNU-USSH,[],,,,,QHX,,,,,,,,UniversityType.PUBLIC,UniversityStatus.ACTIVE,,,,,,,,,,,,,VND,,,,,,,False,True,0,0,0.0,0,Wikipedia Hà Nội,2025-08-03T22:02:48.538065
Việt - Nhật,Việt - Nhậ...,Việt - Nhật University,VNU-VJU,[],,,,,QHJ,,,,,,,,UniversityType.PUBLIC,UniversityStatus.ACTIVE,,,,,,,,,,,,,VND,,,,,,,False,True,0,0,0.0,0,Wikipedia Hà Nội,2025-08-03T22:02:48.538100
Công nghệ,Công nghệ,Công nghệ University,VNU-UET,[],,,,,QHI,,,,,,,,UniversityType.PUBLIC,UniversityStatus.ACTIVE,,,,,,,,,,,,,VND,,,,,,,False,True,0,0,0.0,0,Wikipedia Hà Nội,2025-08-03T22:02:48.538126
Giáo dục,Giáo dục,Giáo dục University,VNU-UED,[],,,,,QHS,,,,,,,,UniversityType.PUBLIC,UniversityStatus.ACTIVE,,,,,,,,,,,,,VND,,,,,,,False,True,0,0,0.0,0,Wikipedia Hà Nội,2025-08-03T22:02:48.538148
Kinh tế,Kinh tế,Kinh tế University,VNU-UEB,[],,,,,QHE,,,,,,,,UniversityType.PUBLIC,UniversityStatus.ACTIVE,,,,,,,,,,,,,VND,,,,,,,False,True,0,0,0.0,0,Wikipedia Hà Nội,2025-08-03T22:02:48.538171
Ngoại ngữ,Ngoại ngữ,Ngoại ngữ University,VNU-ULIS,[],,,,,QHF,,,,,,,,UniversityType.PUBLIC,UniversityStatus.ACTIVE,,,,,,,,,,,,,VND,,,,,,,False,True,0,0,0.0,0,Wikipedia Hà Nội,2025-08-03T22:02:48.538192
Y Dược,Y Dược,Y Dược University,VNU-UMP,[],,,,,QHY,,,,,,,,UniversityType.PUBLIC,UniversityStatus.ACTIVE,,,,,,,,,,,,,VND,,,,,,,False,True,0,0,0.0,0,Wikipedia Hà Nội,2025-08-03T22:02:48.538211
Quản trị và Kinh doanh,Quản trị v...,Quản trị và Kinh doanh University,VNU-HSB,[],,,,,QHD,,,,,,,,UniversityType.PUBLIC,UniversityStatus.ACTIVE,,,,,,,,,,,,,VND,,,,,,,False,True,0,0,0.0,0,Wikipedia Hà Nội,2025-08-03T22:02:48.538249
Quốc tế,Quốc tế,Quốc tế University,VNU-IS,[],,,,,QHQ,,,,,,,,UniversityType.INTERNATIONAL,UniversityStatus.ACTIVE,,,,,,,,,,,,,VND,,,,,,,False,True,0,0,0.0,0,Wikipedia Hà Nội,2025-08-03T22:02:48.538268
Khoa học liên ngành và Nghệ thuật,Khoa học l...,Khoa học liên ngành và Nghệ thuật University,VNU-SIS,[],,,,,QHK,,,,,,,,UniversityType.PUBLIC,UniversityStatus.ACTIVE,,,,,,,,,,,,,VND,,,,,,,False,True,0,0,0.0,0,Wikipedia Hà Nội,2025-08-03T22:02:48.538290
Khoa Quốc tế Pháp ngữ,Khoa Quốc ...,Khoa Quốc tế Pháp ngữ University,VNU-IFI,[],,,,,QHP,,,,,,,,UniversityType.INTERNATIONAL,UniversityStatus.ACTIVE,,,,,,,,,,,,,VND,,,,,,,False,True,0,0,0.0,0,Wikipedia Hà Nội,2025-08-03T22:02:48.538311
Bách khoa Hà Nội,Bách khoa ...,Bách khoa Hà Nội University,HUST,[],,,,,BKA,,,,,,,,UniversityType.PUBLIC,UniversityStatus.ACTIVE,,,,,,,,,,,,,VND,,,,,,,False,True,0,0,0.0,0,Wikipedia Hà Nội,2025-08-03T22:02:48.538527
Công đoàn,Công đoàn,Công đoàn University,TUU,[],,,,,LDA,,,,,,,,UniversityType.PUBLIC,UniversityStatus.ACTIVE,,,,,,,,,,,,,VND,,,,,,,False,True,0,0,0.0,0,Wikipedia Hà Nội,2025-08-03T22:02:48.538552
Công nghệ Giao thông vận tải,Công nghệ ...,Công nghệ Giao thông vận tải University,UTT,[],,,,,GTA,,,,,,,,UniversityType.PUBLIC,UniversityStatus.ACTIVE,,,,,,,,,,,,,VND,,,,,,,False,True,0,0,0.0,0,Wikipedia Hà Nội,2025-08-03T22:02:48.538576
Tài nguyên và Môi trường Hà Nội,Tài nguyên...,Tài nguyên và Môi trường Hà Nội University,HUNRE,[],,,,,DMT,,,,,,,,UniversityType.PUBLIC,UniversityStatus.ACTIVE,,,,,,,,,,,,,VND,,,,,,,False,True,0,0,0.0,0,Wikipedia Hà Nội,2025-08-03T22:02:48.538601
Công nghiệp Hà Nội,Công nghiệ...,Công nghiệp Hà Nội University,HAUI,[],,,,,DCN,,,,,,,,UniversityType.PUBLIC,UniversityStatus.ACTIVE,,,,,,,,,,,,,VND,,,,,,,False,True,0,0,0.0,0,Wikipedia Hà Nội,2025-08-03T22:02:48.538622
Công nghiệp Việt-Hung,Công nghiệ...,Công nghiệp Việt-Hung University,VIU,[],,,,,VHD,,,,,,,,UniversityType.PUBLIC,UniversityStatus.ACTIVE,,,,,,,,,,,,,VND,,,,,,,False,True,0,0,0.0,0,Wikipedia Hà Nội,2025-08-03T22:02:48.538643
Dược Hà Nội,Dược Hà Nộ...,Dược Hà Nội University,HUP,[],,,,,DKH,,,,,,,,UniversityType.PUBLIC,UniversityStatus.ACTIVE,,,,,,,,,,,,,VND,,,,,,,False,True,0,0,0.0,0,Wikipedia Hà Nội,2025-08-03T22:02:48.538663
Điện lực,Điện lực,Điện lực University,EPU,[],,,,,DDL,,,,,,,,UniversityType.PUBLIC,UniversityStatus.ACTIVE,,,,,,,,,,,,,VND,,,,,,,False,True,0,0,0.0,0,Wikipedia Hà Nội,2025-08-03T22:02:48.538684
Giao thông Vận tải,Giao thông...,Giao thông Vận tải University,UTC,[],,,,,GHA,,,,,,,,UniversityType.PUBLIC,UniversityStatus.ACTIVE,,,,,,,,,,,,,VND,,,,,,,False,True,0,0,0.0,0,Wikipedia Hà Nội,2025-08-03T22:02:48.538706
Hà Nội,Hà Nội,Hà Nội University,HANU,[],,,,,NHF,,,,,,,,UniversityType.PUBLIC,UniversityStatus.ACTIVE,,,,,,,,,,,,,VND,,,,,,,False,True,0,0,0.0,0,Wikipedia Hà Nội,2025-08-03T22:02:48.538726
Khoa học và Công nghệ Hà Nội,Khoa học v...,Khoa học và Công nghệ Hà Nội University,USTH,[],,,,,KCN,,,,,,,,UniversityType.PUBLIC,UniversityStatus.ACTIVE,,,,,,,,,,,,,VND,,,,,,,False,True,0,0,0.0,0,Wikipedia Hà Nội,2025-08-03T22:02:48.538748
Kiểm sát Hà Nội,Kiểm sát H...,Kiểm sát Hà Nội University,TKS,[],,,,,DKS,,,,,,,,UniversityType.PUBLIC,UniversityStatus.ACTIVE,,,,,,,,,,,,,VND,,,,,,,False,True,0,0,0.0,0,Wikipedia Hà Nội,2025-08-03T22:02:48.538769
Kiến trúc Hà Nội,Kiến trúc ...,Kiến trúc Hà Nội University,HAU,[],,,,,KTA,,,,,,,,UniversityType.PUBLIC,UniversityStatus.ACTIVE,,,,,,,,,,,,,VND,,,,,,,False,True,0,0,0.0,0,Wikipedia Hà Nội,2025-08-03T22:02:48.538789
Kinh tế - Kỹ thuật Công nghiệp,Kinh tế - ...,Kinh tế - Kỹ thuật Công nghiệp University,UNETI,[],,,,,DKK,,,,,,,,UniversityType.PUBLIC,UniversityStatus.ACTIVE,,,,,,,,,,,,,VND,,,,,,,False,True,0,0,0.0,0,Wikipedia Hà Nội,2025-08-03T22:02:48.538812
Kinh tế Quốc dân,Kinh tế Qu...,Kinh tế Quốc dân University,NEU,[],,,,,KHA,,,,,,,,UniversityType.PUBLIC,UniversityStatus.ACTIVE,,,,,,,,,,,,,VND,,,,,,,False,True,0,0,0.0,0,Wikipedia Hà Nội,2025-08-03T22:02:48.538831
Lao động - Xã hội,Lao động -...,Lao động - Xã hội University,ULSA,[],,,,,DLX,,,,,,,,UniversityType.PUBLIC,UniversityStatus.ACTIVE,,,,,,,,,,,,,VND,,,,,,,False,True,0,0,0.0,0,Wikipedia Hà Nội,2025-08-03T22:02:48.538853
Lâm nghiệp Việt Nam,Lâm nghiệp...,Lâm nghiệp Việt Nam University,VNUF,[],,,,,LNH,,,,,,,,UniversityType.PUBLIC,UniversityStatus.ACTIVE,,,,,,,,,,,,,VND,,,,,,,False,True,0,0,0.0,0,Wikipedia Hà Nội,2025-08-03T22:02:48.538874
Luật Hà Nội,Luật Hà Nộ...,Luật Hà Nội University,HLU,[],,,,,LPH,,,,,,,,UniversityType.PUBLIC,UniversityStatus.ACTIVE,,,,,,,,,,,,,VND,,,,,,,False,True,0,0,0.0,0,Wikipedia Hà Nội,2025-08-03T22:02:48.538902
Mỏ - Địa chất,Mỏ - Địa c...,Mỏ - Địa chất University,HUMG,[],,,,,MDA,,,,,,,,UniversityType.PUBLIC,UniversityStatus.ACTIVE,,,,,,,,,,,,,VND,,,,,,,False,True,0,0,0.0,0,Wikipedia Hà Nội,2025-08-03T22:02:48.538924
Mỹ thuật Công nghiệp,Mỹ thuật C...,Mỹ thuật Công nghiệp University,UAD,[],,,,,MTC,,,,,,,,UniversityType.PUBLIC,UniversityStatus.ACTIVE,,,,,,,,,,,,,VND,,,,,,,False,True,0,0,0.0,0,Wikipedia Hà Nội,2025-08-03T22:02:48.538945
Mỹ thuật Việt Nam,Mỹ thuật V...,Mỹ thuật Việt Nam University,VNUFA,[],,,,,MTH,,,,,,,,UniversityType.PUBLIC,UniversityStatus.ACTIVE,,,,,,,,,,,,,VND,,,,,,,False,True,0,0,0.0,0,Wikipedia Hà Nội,2025-08-03T22:02:48.538966
Ngoại thương,Ngoại thươ...,Ngoại thương University,FTU,[],,,,,NTH,,,,,,,,UniversityType.PUBLIC,UniversityStatus.ACTIVE,,,,,,,,,,,,,VND,,,,,,,False,True,0,0,0.0,0,Wikipedia Hà Nội,2025-08-03T22:02:48.538987
Sân khấu - Điện ảnh Hà Nội,Sân khấu -...,Sân khấu - Điện ảnh Hà Nội University,SKDA,[],,,,,SKD,,,,,,,,UniversityType.PUBLIC,UniversityStatus.ACTIVE,,,,,,,,,,,,,VND,,,,,,,False,True,0,0,0.0,0,Wikipedia Hà Nội,2025-08-03T22:02:48.539008
Sư phạm Hà Nội,Sư phạm Hà...,Sư phạm Hà Nội University,HNUE,[],,,,,SPH,,,,,,,,UniversityType.PUBLIC,UniversityStatus.ACTIVE,,,,,,,,,,,,,VND,,,,,,,False,True,0,0,0.0,0,Wikipedia Hà Nội,2025-08-03T22:02:48.539028
Sư phạm Nghệ thuật Trung ương,Sư phạm Ng...,Sư phạm Nghệ thuật Trung ương University,NUAE,[],,,,,GNT,,,,,,,,UniversityType.PUBLIC,UniversityStatus.ACTIVE,,,,,,,,,,,,,VND,,,,,,,False,True,0,0,0.0,0,Wikipedia Hà Nội,2025-08-03T22:02:48.539052
Sư phạm Thể dục Thể thao Hà Nội,Sư phạm Th...,Sư phạm Thể dục Thể thao Hà Nội University,HUPES,[],,,,,TDH,,,,,,,,UniversityType.PUBLIC,UniversityStatus.ACTIVE,,,,,,,,,,,,,VND,,,,,,,False,True,0,0,0.0,0,Wikipedia Hà Nội,2025-08-03T22:02:48.539073
Thủy lợi,Thủy lợi,Thủy lợi University,TLU,[],,,,,TLA,,,,,,,,UniversityType.PUBLIC,UniversityStatus.ACTIVE,,,,,,,,,,,,,VND,,,,,,,False,True,0,0,0.0,0,Wikipedia Hà Nội,2025-08-03T22:02:48.539092
Thương mại,Thương mại,Thương mại University,TMU,[],,,,,TMA,,,,,,,,UniversityType.PUBLIC,UniversityStatus.ACTIVE,,,,,,,,,,,,,VND,,,,,,,False,True,0,0,0.0,0,Wikipedia Hà Nội,2025-08-03T22:02:48.539112
Văn hóa Hà Nội,Văn hóa Hà...,Văn hóa Hà Nội University,HUC,[],,,,,VHH,,,,,,,,UniversityType.PUBLIC,UniversityStatus.ACTIVE,,,,,,,,,,,,,VND,,,,,,,False,True,0,0,0.0,0,Wikipedia Hà Nội,2025-08-03T22:02:48.539132
Xây dựng Hà Nội,Xây dựng H...,Xây dựng Hà Nội University,HUCE,[],,,,,XDA,,,,,,,,UniversityType.PUBLIC,UniversityStatus.ACTIVE,,,,,,,,,,,,,VND,,,,,,,False,True,0,0,0.0,0,Wikipedia Hà Nội,2025-08-03T22:02:48.539157
Y Hà Nội,Y Hà Nội,Y Hà Nội University,HMU,[],,,,,YHB,,,,,,,,UniversityType.PUBLIC,UniversityStatus.ACTIVE,,,,,,,,,,,,,VND,,,,,,,False,True,0,0,0.0,0,Wikipedia Hà Nội,2025-08-03T22:02:48.539188
Y tế Công cộng,Y tế Công ...,Y tế Công cộng University,HUPH,[],,,,,YTC,,,,,,,,UniversityType.PUBLIC,UniversityStatus.ACTIVE,,,,,,,,,,,,,VND,,,,,,,False,True,0,0,0.0,0,Wikipedia Hà Nội,2025-08-03T22:02:48.539214
Thủ đô Hà Nội,Thủ đô Hà ...,Thủ đô Hà Nội University,HNMU,[],,,,,HNM,,,,,,,,UniversityType.PUBLIC,UniversityStatus.ACTIVE,,,,,,,,,,,,,VND,,,,,,,False,True,0,0,0.0,0,Wikipedia Hà Nội,2025-08-03T22:02:48.539245
Công nghiệp Dệt May Hà Nội,Công nghiệ...,Công nghiệp Dệt May Hà Nội University,HTU,[],,,,,CCM,,,,,,,,UniversityType.PUBLIC,UniversityStatus.ACTIVE,,,,,,,,,,,,,VND,,,,,,,False,True,0,0,0.0,0,Wikipedia Hà Nội,2025-08-03T22:02:48.539274
Mở Hà Nội,Mở Hà Nội,Mở Hà Nội University,HOU,[],,,,,MHN,,,,,,,,UniversityType.PUBLIC,UniversityStatus.ACTIVE,,,,,,,,,,,,,VND,,,,,,,False,True,0,0,0.0,0,Wikipedia Hà Nội,2025-08-03T22:02:48.539296
Văn hóa - Nghệ thuật Quân đội,Văn hóa - ...,Văn hóa - Nghệ thuật Quân đội University,MUCA,[],,,,,ZNH,,,,,,,,UniversityType.PUBLIC,UniversityStatus.ACTIVE,,,,,,,,,,,,,VND,,,,,,,False,True,0,0,0.0,0,Wikipedia Hà Nội,2025-08-03T22:02:48.539328
Phòng cháy chữa cháy,Phòng cháy...,Phòng cháy chữa cháy University,UFPF,[],,,,,PCH,,,,,,,,UniversityType.PUBLIC,UniversityStatus.ACTIVE,,,,,,,,,,,,,VND,,,,,,,False,True,0,0,0.0,0,Wikipedia Hà Nội,2025-08-03T22:02:48.539374
Học viện Múa Việt Nam,Học viện M...,Học viện Múa Việt Nam University,VNAD,[],,,,,,,,,,,,,UniversityType.PUBLIC,UniversityStatus.ACTIVE,,,,,,,,,,,,,VND,,,,,,,False,True,0,0,0.0,0,Wikipedia Hà Nội,2025-08-03T22:02:48.539688
Học viện Âm nhạc Quốc gia Việt Nam,Học viện Â...,Học viện Âm nhạc Quốc gia Việt Nam University,VNAM,[],,,,,NVH,,,,,,,,UniversityType.PUBLIC,UniversityStatus.ACTIVE,,,,,,,,,,,,,VND,,,,,,,False,True,0,0,0.0,0,Wikipedia Hà Nội,2025-08-03T22:02:48.539741
Học viện Chính trị Quốc gia Hồ Chí Minh,Học viện C...,Học viện Chính trị Quốc gia Hồ Chí Minh University,HCMA,[],,,,,,,,,,,,,UniversityType.PUBLIC,UniversityStatus.ACTIVE,,,,,,,,,,,,,VND,,,,,,,False,True,0,0,0.0,0,Wikipedia Hà Nội,2025-08-03T22:02:48.539783
Học viện Báo chí và Tuyên truyền,Học viện B...,Học viện Báo chí và Tuyên truyền University,AJC,[],,,,,HBT,,,,,,,,UniversityType.PUBLIC,UniversityStatus.ACTIVE,,,,,,,,,,,,,VND,,,,,,,False,True,0,0,0.0,0,Wikipedia Hà Nội,2025-08-03T22:02:48.539837
Học viện Hành chính và Quản trị công,Học viện H...,Học viện Hành chính và Quản trị công University,APAG,[],,,,,HCH,,,,,,,,UniversityType.PUBLIC,UniversityStatus.ACTIVE,,,,,,,,,,,,,VND,,,,,,,False,True,0,0,0.0,0,Wikipedia Hà Nội,2025-08-03T22:02:48.539878
Học viện Chính trị Khu vực I,Học viện C...,Học viện Chính trị Khu vực I University,APRI,[],,,,,,,,,,,,,UniversityType.PUBLIC,UniversityStatus.ACTIVE,,,,,,,,,,,,,VND,,,,,,,False,True,0,0,0.0,0,Wikipedia Hà Nội,2025-08-03T22:02:48.539909
Học viện Biên phòng,Học viện B...,Học viện Biên phòng University,HVBP,[],,,,,BPH,,,,,,,,UniversityType.PUBLIC,UniversityStatus.ACTIVE,,,,,,,,,,,,,VND,,,,,,,False,True,0,0,0.0,0,Wikipedia Hà Nội,2025-08-03T22:02:48.539940
Học viện Công nghệ Bưu chính Viễn thông,Học viện C...,Học viện Công nghệ Bưu chính Viễn thông University,PTIT,[],,,,,BVH,,,,,,,,UniversityType.PUBLIC,UniversityStatus.ACTIVE,,,,,,,,,,,,,VND,,,,,,,False,True,0,0,0.0,0,Wikipedia Hà Nội,2025-08-03T22:02:48.539971
Học viện Chính trị,Học viện C...,Học viện Chính trị University,,[],,,,,HCB,,,,,,,,UniversityType.PUBLIC,UniversityStatus.ACTIVE,,,,,,,,,,,,,VND,,,,,,,False,True,0,0,0.0,0,Wikipedia Hà Nội,2025-08-03T22:02:48.540002
Học viện Kỹ thuật Mật mã,Học viện K...,Học viện Kỹ thuật Mật mã University,VACT,[],,,,,KMA,,,,,,,,UniversityType.PUBLIC,UniversityStatus.ACTIVE,,,,,,,,,,,,,VND,,,,,,,False,True,0,0,0.0,0,Wikipedia Hà Nội,2025-08-03T22:02:48.540038
Học viện Ngân hàng,Học viện N...,Học viện Ngân hàng University,BAV,[],,,,,NHH,,,,,,,,UniversityType.PUBLIC,UniversityStatus.ACTIVE,,,,,,,,,,,,,VND,,,,,,,False,True,0,0,0.0,0,Wikipedia Hà Nội,2025-08-03T22:02:48.540069
Học viện Ngoại giao,Học viện N...,Học viện Ngoại giao University,DAV,[],,,,,HQT,,,,,,,,UniversityType.PUBLIC,UniversityStatus.ACTIVE,,,,,,,,,,,,,VND,,,,,,,False,True,0,0,0.0,0,Wikipedia Hà Nội,2025-08-03T22:02:48.540104
Học viện Nông nghiệp Việt Nam,Học viện N...,Học viện Nông nghiệp Việt Nam University,VNUA,[],,,,,HVN,,,,,,,,UniversityType.PUBLIC,UniversityStatus.ACTIVE,,,,,,,,,,,,,VND,,,,,,,False,True,0,0,0.0,0,Wikipedia Hà Nội,2025-08-03T22:02:48.540137
Học viện Phụ nữ Việt Nam,Học viện P...,Học viện Phụ nữ Việt Nam University,VWA,[],,,,,HPN,,,,,,,,UniversityType.PUBLIC,UniversityStatus.ACTIVE,,,,,,,,,,,,,VND,,,,,,,False,True,0,0,0.0,0,Wikipedia Hà Nội,2025-08-03T22:02:48.540164
Học viện Tòa án,Học viện T...,Học viện Tòa án University,CTA,[],,,,,HTA,,,,,,,,UniversityType.PUBLIC,UniversityStatus.ACTIVE,,,,,,,,,,,,,VND,,,,,,,False,True,0,0,0.0,0,Wikipedia Hà Nội,2025-08-03T22:02:48.540185
Học viện Tư pháp,Học viện T...,Học viện Tư pháp University,,[],,,,,HVC,,,,,,,,UniversityType.PUBLIC,UniversityStatus.ACTIVE,,,,,,,,,,,,,VND,,,,,,,False,True,0,0,0.0,0,Wikipedia Hà Nội,2025-08-03T22:02:48.540207
Học viện Tài chính,Học viện T...,Học viện Tài chính University,AOF,[],,,,,HTC,,,,,,,,UniversityType.PUBLIC,UniversityStatus.ACTIVE,,,,,,,,,,,,,VND,,,,,,,False,True,0,0,0.0,0,Wikipedia Hà Nội,2025-08-03T22:02:48.540228
Học viện Quân y,Học viện Q...,Học viện Quân y University,,[],,,,,YQH,,,,,,,,UniversityType.PUBLIC,UniversityStatus.ACTIVE,,,,,,,,,,,,,VND,,,,,,,False,True,0,0,0.0,0,Wikipedia Hà Nội,2025-08-03T22:02:48.540250
Học viện Y Dược học cổ truyền Việt Nam,Học viện Y...,Học viện Y Dược học cổ truyền Việt Nam University,,[],,,,,HYD,,,,,,,,UniversityType.PUBLIC,UniversityStatus.ACTIVE,,,,,,,,,,,,,VND,,,,,,,False,True,0,0,0.0,0,Wikipedia Hà Nội,2025-08-03T22:02:48.540281
Học viện Chính sách và Phát triển,Học viện C...,Học viện Chính sách và Phát triển University,APD,[],,,,,HCP,,,,,,,,UniversityType.PUBLIC,UniversityStatus.ACTIVE,,,,,,,,,,,,,VND,,,,,,,False,True,0,0,0.0,0,Wikipedia Hà Nội,2025-08-03T22:02:48.540308
Học viện Thanh thiếu niên Việt Nam,Học viện T...,Học viện Thanh thiếu niên Việt Nam University,VYA,[],,,,,HTN,,,,,,,,UniversityType.PUBLIC,UniversityStatus.ACTIVE,,,,,,,,,,,,,VND,,,,,,,False,True,0,0,0.0,0,Wikipedia Hà Nội,2025-08-03T22:02:48.540331
Học viện An ninh nhân dân,Học viện A...,Học viện An ninh nhân dân University,T31/T01/C500,[],,,,,ANH,,,,,,,,UniversityType.PUBLIC,UniversityStatus.ACTIVE,,,,,,,,,,,,,VND,,,,,,,False,True,0,0,0.0,0,Wikipedia Hà Nội,2025-08-03T22:02:48.540356
Học viện Cảnh sát nhân dân,Học viện C...,Học viện Cảnh sát nhân dân University,T32/T02/T18,[],,,,,CSH,,,,,,,,UniversityType.PUBLIC,UniversityStatus.ACTIVE,,,,,,,,,,,,,VND,,,,,,,False,True,0,0,0.0,0,Wikipedia Hà Nội,2025-08-03T22:02:48.540377
Học viện Phòng không - Không quân,Học viện P...,Học viện Phòng không - Không quân University,,[],,,,,KPH,,,,,,,,UniversityType.PUBLIC,UniversityStatus.ACTIVE,,,,,,,,,,,,,VND,,,,,,,False,True,0,0,0.0,0,Wikipedia Hà Nội,2025-08-03T22:02:48.540399
Sĩ quan Đặc công,Sĩ quan Đặ...,Sĩ quan Đặc công University,,[],,,,,DCH,,,,,,,,UniversityType.PUBLIC,UniversityStatus.ACTIVE,,,,,,,,,,,,,VND,,,,,,,False,True,0,0,0.0,0,Wikipedia Hà Nội,2025-08-03T22:02:48.540422
Sĩ quan Pháo binh,Sĩ quan Ph...,Sĩ quan Pháo binh University,,[],,,,,PBH,,,,,,,,UniversityType.PUBLIC,UniversityStatus.ACTIVE,,,,,,,,,,,,,VND,,,,,,,False,True,0,0,0.0,0,Wikipedia Hà Nội,2025-08-03T22:02:48.540443
Sĩ quan Phòng hóa,Sĩ quan Ph...,Sĩ quan Phòng hóa University,,[],,,,,HGH,,,,,,,,UniversityType.PUBLIC,UniversityStatus.ACTIVE,,,,,,,,,,,,,VND,,,,,,,False,True,0,0,0.0,0,Wikipedia Hà Nội,2025-08-03T22:02:48.540463
Sĩ quan Lục quân 1,Sĩ quan Lụ...,Sĩ quan Lục quân 1 University,,[],,,,,LAH,,,,,,,,UniversityType.PUBLIC,UniversityStatus.ACTIVE,,,,,,,,,,,,,VND,,,,,,,False,True,0,0,0.0,0,Wikipedia Hà Nội,2025-08-03T22:02:48.540484
Học viện Quản lý Giáo dục,Học viện Q...,Học viện Quản lý Giáo dục University,,[],,,,,HVQ,,,,,,,,UniversityType.PUBLIC,UniversityStatus.ACTIVE,,,,,,,,,,,,,VND,,,,,,,False,True,0,0,0.0,0,Wikipedia Hà Nội,2025-08-03T22:02:48.540507
Học viện Kỹ thuật Quân sự,Học viện K...,Học viện Kỹ thuật Quân sự University,MTA,[],,,,,KQH,,,,,,,,UniversityType.PUBLIC,UniversityStatus.ACTIVE,,,,,,,,,,,,,VND,,,,,,,False,True,0,0,0.0,0,Wikipedia Hà Nội,2025-08-03T22:02:48.540536
Học viện Hậu cần,Học viện H...,Học viện Hậu cần University,,[],,,,,HEH,,,,,,,,UniversityType.PUBLIC,UniversityStatus.ACTIVE,,,,,,,,,,,,,VND,,,,,,,False,True,0,0,0.0,0,Wikipedia Hà Nội,2025-08-03T22:02:48.540558
Học viện Khoa học Quân sự,Học viện K...,Học viện Khoa học Quân sự University,MSA,[],,,,,NQH,,,,,,,,UniversityType.PUBLIC,UniversityStatus.ACTIVE,,,,,,,,,,,,,VND,,,,,,,False,True,0,0,0.0,0,Wikipedia Hà Nội,2025-08-03T22:02:48.540579
Học viện Dân tộc,Học viện D...,Học viện Dân tộc University,VAEM,[],,,,,HVD,,,,,,,,UniversityType.PUBLIC,UniversityStatus.ACTIVE,,,,,,,,,,,,,VND,,,,,,,False,True,0,0,0.0,0,Wikipedia Hà Nội,2025-08-03T22:02:48.540600
Học viện Quốc phòng,Học viện Q...,Học viện Quốc phòng University,,[],,,,,,,,,,,,,UniversityType.PUBLIC,UniversityStatus.ACTIVE,,,,,,,,,,,,,VND,,,,,,,False,True,0,0,0.0,0,Wikipedia Hà Nội,2025-08-03T22:02:48.540620
Sĩ quan Chính trị,Sĩ quan Ch...,Sĩ quan Chính trị University,,[],,,,,LCH,,,,,,,,UniversityType.PUBLIC,UniversityStatus.ACTIVE,,,,,,,,,,,,,VND,,,,,,,False,True,0,0,0.0,0,Wikipedia Hà Nội,2025-08-03T22:02:48.540641
Học viện Chính trị Công an Nhân dân,Học viện C...,Học viện Chính trị Công an Nhân dân University,T29/T03,[],,,,,HCA,,,,,,,,UniversityType.PUBLIC,UniversityStatus.ACTIVE,,,,,,,,,,,,,VND,,,,,,,False,True,0,0,0.0,0,Wikipedia Hà Nội,2025-08-03T22:02:48.540665
Thành Đô,Thành Đô,Thành Đô University,TDU,[],,,,,TDD,,,,,,,,UniversityType.PUBLIC,UniversityStatus.ACTIVE,,,,,,,,,,,,,VND,,,,,,,False,True,0,0,0.0,0,Wikipedia Hà Nội,2025-08-03T22:02:48.540769
Phenikaa,Phenikaa,Phenikaa University,PHENA,[],,,,,PKA,,,,,,,,UniversityType.PUBLIC,UniversityStatus.ACTIVE,,,,,,,,,,,,,VND,,,,,,,False,True,0,0,0.0,0,Wikipedia Hà Nội,2025-08-03T22:02:48.540789
Thăng Long,Thăng Long,Thăng Long University,TLU,[],,,,,DTL,,,,,,,,UniversityType.PUBLIC,UniversityStatus.ACTIVE,,,,,,,,,,,,,VND,,,,,,,False,True,0,0,0.0,0,Wikipedia Hà Nội,2025-08-03T22:02:48.540811
Phương Đông,Phương Đôn...,Phương Đông University,PDU,[],,,,,DPD,,,,,,,,UniversityType.PUBLIC,UniversityStatus.ACTIVE,,,,,,,,,,,,,VND,,,,,,,False,True,0,0,0.0,0,Wikipedia Hà Nội,2025-08-03T22:02:48.540831
Đông Đô,Đông Đô,Đông Đô University,HDIU,[],,,,,DDU,,,,,,,,UniversityType.PUBLIC,UniversityStatus.ACTIVE,,,,,,,,,,,,,VND,,,,,,,False,True,0,0,0.0,0,Wikipedia Hà Nội,2025-08-03T22:02:48.540864
VinUni,VinUni,VinUni University,VINUNI,[],,,,,VIN,,,,,,,,UniversityType.PUBLIC,UniversityStatus.ACTIVE,,,,,,,,,,,,,VND,,,,,,,False,True,0,0,0.0,0,Wikipedia Hà Nội,2025-08-03T22:02:48.540884
Công nghệ Đông Á,Công nghệ ...,Công nghệ Đông Á University,EAUT,[],,,,,DDA,,,,,,,,UniversityType.PUBLIC,UniversityStatus.ACTIVE,,,,,,,,,,,,,VND,,,,,,,False,True,0,0,0.0,0,Wikipedia Hà Nội,2025-08-03T22:02:48.540905
Công nghệ và Quản lý Hữu nghị,Công nghệ ...,Công nghệ và Quản lý Hữu nghị University,UTM,[],,,,,DCQ,,,,,,,,UniversityType.PUBLIC,UniversityStatus.ACTIVE,,,,,,,,,,,,,VND,,,,,,,False,True,0,0,0.0,0,Wikipedia Hà Nội,2025-08-03T22:02:48.540938
Quốc tế RMIT Việt Nam,Quốc tế RM...,Quốc tế RMIT Việt Nam University,RMIT,[],,,,,RMU,,,,,,,,UniversityType.INTERNATIONAL,UniversityStatus.ACTIVE,,,,,,,,,,,,,VND,,,,,,,False,True,0,0,0.0,0,Wikipedia Hà Nội,2025-08-03T22:02:48.540959
Nguyễn Trãi,Nguyễn Trã...,Nguyễn Trãi University,NTU,[],,,,,NTU,,,,,,,,UniversityType.PUBLIC,UniversityStatus.ACTIVE,,,,,,,,,,,,,VND,,,,,,,False,True,0,0,0.0,0,Wikipedia Hà Nội,2025-08-03T22:02:48.540979
Hòa Bình,Hòa Bình,Hòa Bình University,HBU,[],,,,,ETU,,,,,,,,UniversityType.PUBLIC,UniversityStatus.ACTIVE,,,,,,,,,,,,,VND,,,,,,,False,True,0,0,0.0,0,Wikipedia Hà Nội,2025-08-03T22:02:48.541000
Đại Nam,Đại Nam,Đại Nam University,DNU,[],,,,,DDN,,,,,,,,UniversityType.PUBLIC,UniversityStatus.ACTIVE,,,,,,,,,,,,,VND,,,,,,,False,True,0,0,0.0,0,Wikipedia Hà Nội,2025-08-03T22:02:48.541022
Tài chính - Ngân hàng Hà Nội,Tài chính ...,Tài chính - Ngân hàng Hà Nội University,FBU,[],,,,,FBU,,,,,,,,UniversityType.PUBLIC,UniversityStatus.ACTIVE,,,,,,,,,,,,,VND,,,,,,,False,True,0,0,0.0,0,Wikipedia Hà Nội,2025-08-03T22:02:48.541044
Quốc tế Bắc Hà,Quốc tế Bắ...,Quốc tế Bắc Hà University,BHIU,[],,,,,DBH,,,,,,,,UniversityType.INTERNATIONAL,UniversityStatus.ACTIVE,,,,,,,,,,,,,VND,,,,,,,False,True,0,0,0.0,0,Wikipedia Hà Nội,2025-08-03T22:02:48.541066
Kinh doanh và Công nghệ Hà Nội,Kinh doanh...,Kinh doanh và Công nghệ Hà Nội University,HUBT,[],,,,,DQK,,,,,,,,UniversityType.PUBLIC,UniversityStatus.ACTIVE,,,,,,,,,,,,,VND,,,,,,,False,True,0,0,0.0,0,Wikipedia Hà Nội,2025-08-03T22:02:48.541091
Học viện Thiết kế và Thời trang London,Học viện T...,Học viện Thiết kế và Thời trang London University,,[],,,,,LCDF,,,,,,,,UniversityType.PUBLIC,UniversityStatus.ACTIVE,,,,,,,,,,,,,VND,,,,,,,False,True,0,0,0.0,0,Wikipedia Hà Nội,2025-08-03T22:02:48.541112
Đại học Bách khoa Hà Nội,BKHN,Hanoi University of Science and Technology,"Số 1 Đại Cồ Việt, Hai Bà Trưng, Hà Nội",['Hà Nội'],Hà Nội,Hà Nội,024 3869 4242,contact@hust.edu.vn,https://www.hust.edu.vn,https://www.facebook.com/dhbkhanoi,,,Trường đại học kỹ thuật hàng đầu Việt Nam,"Thành lập năm 1956, là một trong những trường đại học đầu tiên của Việt Nam",Đào tạo nguồn nhân lực chất lượng cao trong lĩnh vực kỹ thuật và công nghệ,Trở thành trường đại học nghiên cứu hàng đầu khu vực,UniversityType.PUBLIC,UniversityStatus.ACTIVE,1956.0,AUN-QA,"['Kỹ thuật', 'Công nghệ', 'Kinh tế', 'Ngoại ngữ']","['Thư viện', 'Phòng thí nghiệm', 'Ký túc xá', 'Sân thể thao']","['Top 1000 thế giới', 'Top 10 Việt Nam']",Top 5,Top 1000,45000.0,1200.0,15.5,15000000.0,25000000.0,VND,"['Tốt nghiệp THPT', 'Điểm thi THPT Quốc gia']","['Học bổng tài năng', 'Học bổng khuyến khích học tập']","['MIT', 'Stanford', 'Tokyo University']",,21.0074,105.8412,True,True,0,0,0.0,0,Manual,2025-08-03T22:03:29.010046
Đại học Quốc gia Hà Nội,VNU,"Vietnam National University, Hanoi","144 Xuân Thủy, Cầu Giấy, Hà Nội",['Hà Nội'],Hà Nội,Hà Nội,024 3754 7869,contact@vnu.edu.vn,https://www.vnu.edu.vn,https://www.facebook.com/vnuhanoi,,,Hệ thống đại học quốc gia hàng đầu Việt Nam,"Thành lập năm 1993, là hệ thống đại học quốc gia đầu tiên",Đào tạo nguồn nhân lực chất lượng cao cho đất nước,Trở thành đại học nghiên cứu hàng đầu khu vực,UniversityType.PUBLIC,UniversityStatus.ACTIVE,1993.0,AUN-QA,"['Khoa học tự nhiên', 'Khoa học xã hội', 'Công nghệ', 'Y tế']","['Thư viện', 'Phòng thí nghiệm', 'Bệnh viện', 'Trung tâm nghiên cứu']","['Top 1000 thế giới', 'Top 3 Việt Nam']",Top 3,Top 1000,50000.0,1500.0,12.0,12000000.0,20000000.0,VND,"['Tốt nghiệp THPT', 'Điểm thi THPT Quốc gia']","['Học bổng tài năng', 'Học bổng nghiên cứu']","['Harvard', 'Oxford', 'Tokyo University']",,21.0368,105.7821,True,True,0,0,0.0,0,Manual,2025-08-03T22:03:29.010083
Đại học FPT,FPT,FPT University,"Lô E2a-7, Đường D1, Khu Công nghệ cao, TP.HCM",['TP.HCM'],TP.HCM,TP.HCM,028 7300 1866,contact@fpt.edu.vn,https://fpt.edu.vn,https://www.facebook.com/fptuniversity,,,Trường đại học tư thục hàng đầu về công nghệ thông tin,"Thành lập năm 2006, thuộc Tập đoàn FPT",Đào tạo nguồn nhân lực chất lượng cao trong lĩnh vực CNTT,Trở thành trường đại học tư thục hàng đầu Việt Nam,UniversityType.PRIVATE,UniversityStatus.ACTIVE,2006.0,AUN-QA,"['Công nghệ thông tin', 'Kinh tế', 'Ngôn ngữ', 'Truyền thông']","['Thư viện', 'Phòng lab', 'Ký túc xá', 'Sân thể thao']","['Top 10 tư thục Việt Nam', 'Đối tác Microsoft']",Top 10 tư thục,Top 5000,25000.0,800.0,25.0,25000000.0,35000000.0,VND,"['Tốt nghiệp THPT', 'Phỏng vấn', 'Bài test']","['Học bổng tài năng', 'Học bổng khuyến khích']","['Microsoft', 'IBM', 'Samsung']",,10.8413,106.8098,True,True,0,0,0.0,0,Manual,2025-08-03T22:03:29.010100
